method,seed,episode,global_step,mean_return,std_return,mean_length,device
dqn,2,20,459,9.0,0.0,9.0,cuda
dqn,2,40,932,9.0,0.8944271909999159,9.0,cuda
dqn,2,60,1316,10.2,0.39999999999999997,10.2,cuda
dqn,2,80,1644,10.4,1.0198039027185568,10.4,cuda
dqn,2,100,2141,33.0,7.6681158050723255,33.0,cuda
dqn,2,120,2648,21.4,3.006659275674582,21.4,cuda
dqn,2,140,3284,141.0,29.9866637023861,141.0,cuda
dqn,2,160,4335,102.6,11.146299834474219,102.6,cuda
