method,seed,episode,global_step,mean_return,std_return,mean_length,device
dqn,0,20,473,88.8,6.368673331236263,88.8,cuda
dqn,0,40,1004,48.0,23.731835158706122,48.0,cuda
dqn,0,60,1544,9.8,0.7483314773547882,9.8,cuda
dqn,0,80,1931,8.8,0.7483314773547882,8.8,cuda
dqn,0,100,2391,11.8,1.3266499161421599,11.8,cuda
dqn,0,120,2883,223.0,90.77664897978995,223.0,cuda
dqn,0,140,3701,188.2,67.86574983008734,188.2,cuda
dqn,0,160,4833,171.4,23.69472515139182,171.4,cuda
