method,seed,episode,global_step,mean_return,std_return,mean_length,device
dqn,1,20,420,9.0,0.0,9.0,cuda
dqn,1,40,902,9.4,0.7999999999999999,9.4,cuda
dqn,1,60,1312,8.8,0.39999999999999997,8.8,cuda
dqn,1,80,1803,11.6,1.4966629547095764,11.6,cuda
dqn,1,100,2209,13.0,1.4142135623730951,13.0,cuda
dqn,1,120,2587,15.2,0.9797958971132713,15.2,cuda
dqn,1,140,3224,135.8,15.574337867145427,135.8,cuda
dqn,1,160,4031,134.0,9.654014708917737,134.0,cuda
