method,seed,episode,global_step,mean_return,std_return,mean_length,device
double_dqn,0,20,473,88.8,6.368673331236263,88.8,cuda
double_dqn,0,40,1004,48.0,23.731835158706122,48.0,cuda
double_dqn,0,60,1623,9.8,0.7483314773547882,9.8,cuda
double_dqn,0,80,1968,10.8,1.16619037896906,10.8,cuda
double_dqn,0,100,2484,63.2,3.8157568056677826,63.2,cuda
double_dqn,0,120,3202,208.4,21.8961183774659,208.4,cuda
double_dqn,0,140,4224,295.8,97.06162990595203,295.8,cuda
double_dqn,0,160,6628,128.8,2.227105745132009,128.8,cuda
